1.96,-4.5436,7.806255641895632e-17
1.8375,-4.5647375,0.011924076222440625
1.7149999999999999,-4.585875,0.040752798813436776
1.5925,-4.6070125,0.07100292665323307
1.47,-4.62815,0.0914939809224863
1.3475,-4.6492875,0.09532528634802316
1.225,-4.670425,0.07982902778986445
1.1025,-4.6915625,0.04649932061660963
0.98,-4.7127,-6.303856362691734e-16
0.8574999999999999,-4.7194625,0.031227999156329907
0.735,-4.7262249999999995,0.0560063806224323
0.6125,-4.7329875,0.07363824153840881
0.49,-4.73975,0.08300718126153814
0.36749999999999994,-4.7465125,0.0825623761170189
0.245,-4.753275,0.07030338704108546
0.12250000000000005,-4.7600375,0.0437647001164459
0.0,-4.7668,-2.7885679876327174e-16
-0.1225,-4.7513875,0.05505141378527437
-0.245,-4.735975,0.0860939022936891
-0.3675,-4.7205625,0.09553125836453447
-0.49,-4.70515,0.08881532805409657
-0.6125,-4.689737500000001,0.07211852406707633
-0.735,-4.6743250000000005,0.049967982898595824
-0.8574999999999999,-4.6589125000000005,0.025373624337520176
-0.98,-4.6435,1.055159106790049e-15
-1.1025,-4.6163875,0.03784810046736489
-1.225,-4.589275000000001,0.07229838934843617
-1.3475,-4.5621625,0.10015474115935842
-1.47,-4.53505,0.11757034026960014
-1.5925,-4.5079375,0.1203718027757902
-1.7149999999999999,-4.480824999999999,0.10433809955789292
-1.8375,-4.4537125,0.06543428051774897
-1.96,-4.4266,-2.8449465006019636e-16
1.96,-4.5118374999999995,0.16350623202823725
1.8375,-4.5328484375,0.16173690573598806
1.7149999999999999,-4.553859375,0.18510261417584722
1.5925,-4.5748703125,0.21646721267060082
1.47,-4.59588125,0.24294689945303108
1.3475,-4.6168921874999995,0.2559050788624935
1.225,-4.637903124999999,0.25092366813856415
1.1025,-4.6589140625,0.22775084698992118
0.98,-4.679925,0.1896528138694165
0.8574999999999999,-4.6860656249999995,0.22438543791562807
0.735,-4.69220625,0.2510101462913378
0.6125,-4.698346875,0.269226860786652
0.49,-4.7044875,0.27837958511129796
0.36749999999999994,-4.7106281249999995,0.2774446441827031
0.245,-4.71676875,0.2650187234268652
0.12250000000000005,-4.722909375,0.2393067080919921
0.0,-4.72905,0.198109322574892
-0.1225,-4.713509375,0.24641165267210494
-0.245,-4.69796875,0.2736779189685113
-0.3675,-4.6824281249999995,0.28255608925139086
-0.49,-4.6668875,0.27787439660678553
-0.6125,-4.651346875000001,0.26468636403164947
-0.735,-4.635806250000001,0.24655189868876387
-0.8574999999999999,-4.620265625,0.22567241837948146
-0.98,-4.604725,0.2030550162254482
-1.1025,-4.5762640625,0.24227841384679688
-1.225,-4.547803125000001,0.276108790031557
-1.3475,-4.5193421875,0.30135259920750346
-1.47,-4.49088125,0.3143641186104413
-1.5925,-4.4624203125,0.3113569387681116
-1.7149999999999999,-4.433959375,0.2886631703238242
-1.8375,-4.4054984375,0.24294036719983625
-1.96,-4.3770375,0.1713261661004976
1.96,-4.480074999999999,0.3210766375781897
1.8375,-4.500959375,0.3044568779021632
1.7149999999999999,-4.52184375,0.3212239271709057
1.5925,-4.542728125,0.3526331715078609
1.47,-4.5636125,0.38413219175003604
1.3475,-4.584496875,0.4053730254145913
1.225,-4.60538125,0.4102012953899298
1.1025,-4.626265625,0.39662220526030423
0.98,-4.64715,0.36649606858285294
0.8574999999999999,-4.65266875,0.4043068235736097
0.735,-4.6581874999999995,0.43244271512315124
0.6125,-4.663706250000001,0.4509759031495795
0.49,-4.669225,0.45968015640275045
0.36749999999999994,-4.674743749999999,0.45802179398660564
0.245,-4.6802625,0.4451504817083096
0.12250000000000005,-4.68578125,0.419889883254101
0.0,-4.6913,0.3807281661917807
-0.1225,-4.67563125,0.4224105138581044
-0.245,-4.6599625,0.44578798480058
-0.3675,-4.64429375,0.4537239786778604
-0.49,-4.6286249999999995,0.45047925282862145
-0.6125,-4.612956250000001,0.440100499586961
-0.735,-4.5972875,0.42528651775557363
-0.8574999999999999,-4.5816187500000005,0.4075286838320298
-0.98,-4.565950000000001,0.38726710714153967
-1.1025,-4.536140625,0.426944732525558
-1.225,-4.506331250000001,0.4596243186780078
-1.3475,-4.476521875,0.48222057423303033
-1.47,-4.4467125,0.49138125028508234
-1.5925,-4.416903125,0.4837787421371842
-1.7149999999999999,-4.38709375,0.4563416183714791
-1.8375,-4.357284375,0.4064260772421305
-1.96,-4.327475,0.3319273303905624
1.96,-4.4483125,0.4728460967421044
1.8375,-4.4690703124999995,0.44035460102798246
1.7149999999999999,-4.489828125,0.4494945061172433
1.5925,-4.5105859375,0.47996028276467223
1.47,-4.53134375,0.5155689017106961
1.3475,-4.5521015625,0.5442890750574049
1.225,-4.572859375,0.5582477823990466
1.1025,-4.5936171875,0.553714082345564
0.98,-4.614375,0.5311377131655255
0.8574999999999999,-4.619271875,0.5716295008896384
0.735,-4.624168749999999,0.6009667140560264
0.6125,-4.629065625,0.6195701454254394
0.49,-4.6339625,0.6276140049024674
0.36749999999999994,-4.638859375,0.6250191345709
0.245,-4.643756250000001,0.6114461223096235
0.12250000000000005,-4.648653125,0.5862883139889782
0.0,-4.65355,0.54866472424754
-0.1225,-4.637753125,0.5838687707172489
-0.245,-4.62195625,0.603269893376277
-0.3675,-4.606159375,0.6099206042521532
-0.49,-4.5903625,0.6075680069978616
-0.6125,-4.574565625000001,0.5993580517983071
-0.735,-4.5587687500000005,0.5872282486456457
-0.8574999999999999,-4.542971875000001,0.5720518347711407
-0.98,-4.527175000000001,0.5537855902278958
-1.1025,-4.496017187500001,0.5931295867095104
-1.225,-4.4648593750000005,0.6242379139378523
-1.3475,-4.4337015625000005,0.6442207134012823
-1.47,-4.40254375,0.6500883225708691
-1.5925,-4.3713859375,0.6390151154208878
-1.7149999999999999,-4.340228124999999,0.6085347437166864
-1.8375,-4.309070312499999,0.5566667790698978
-1.96,-4.277912499999999,0.48197475576105214
1.96,-4.41655,0.6189494896122417
1.8375,-4.43718125,0.5697006834204625
1.7149999999999999,-4.4578125,0.5702921193334796
1.5925,-4.47844375,0.5989080260406937
1.47,-4.4990749999999995,0.6377760732322075
1.3475,-4.5197062500000005,0.6732131768440064
1.225,-4.5403375,0.6956490020209982
1.1025,-4.56096875,0.6996271651634918
0.98,-4.5816,0.6841856966426504
0.8574999999999999,-4.585875,0.7269908146230634
0.735,-4.5901499999999995,0.757244770028119
0.6125,-4.594425,0.7756943644124673
0.49,-4.5987,0.7828862403770194
0.36749999999999994,-4.602975,0.7791619749777722
0.245,-4.6072500000000005,0.7646531056550101
0.12250000000000005,-4.611525,0.7392760886828413
0.0,-4.6158,0.7027271901390446
-0.1225,-4.599875,0.7316071966235028
-0.245,-4.58395,0.7469694382819999
-0.3675,-4.5680250000000004,0.7520316435824629
-0.49,-4.5521,0.7500787693927746
-0.6125,-4.536175,0.7434561417309878
-0.735,-4.520250000000001,0.7334334999056126
-0.8574999999999999,-4.504325000000001,0.7203512852727885
-0.98,-4.4884,0.703759782964124
-1.1025,-4.45589375,0.7421155066045282
-1.225,-4.4233875000000005,0.7713425144611542
-1.3475,-4.39088125,0.7888150638776064
-1.47,-4.3583750000000006,0.7919519227451476
-1.5925,-4.32586875,0.7784439611571046
-1.7149999999999999,-4.2933625,0.7464038463752658
-1.8375,-4.26085625,0.6944378411084042
-1.96,-4.22835,0.6216397051028253
1.96,-4.3847875,0.759521696280849
1.8375,-4.405292187500001,0.6927657333866286
1.7149999999999999,-4.4257968750000005,0.6839945351382455
1.5925,-4.4463015624999995,0.7099358809355868
1.47,-4.46680625,0.7512727502117623
1.3475,-4.4873109375,0.7927052798274833
1.225,-4.507815624999999,0.82299082711086
1.1025,-4.5283203125,0.8349621406318934
0.98,-4.548825,0.8262479680394438
0.8574999999999999,-4.5524781249999995,0.8710281095332383
0.735,-4.55613125,0.9019395099775924
0.6125,-4.5597843750000004,0.9200333369089114
0.49,-4.5634375,0.9262019725929787
0.36749999999999994,-4.567090625,0.9211756242493956
0.245,-4.57074375,0.9055188921686657
0.12250000000000005,-4.574396875000001,0.8796272957219047
0.0,-4.57805,0.8437237572631685
-0.1225,-4.561996875,0.8664465649508434
-0.245,-4.54594375,0.8777324131041316
-0.3675,-4.529890625,0.8809427742769967
-0.49,-4.5138375,0.8789496502916172
-0.6125,-4.497784375,0.873391890450293
-0.735,-4.48173125,0.8649586800821064
-0.8574999999999999,-4.465678125,0.8535364494129397
-0.98,-4.449625,0.8383390028298365
-1.1025,-4.4157703125,0.8751850224164737
-1.225,-4.381915625,0.902331058897977
-1.3475,-4.3480609375,0.9174656728273402
-1.47,-4.31420625,0.9184386380852668
-1.5925,-4.2803515625,0.903443181883709
-1.7149999999999999,-4.246496875,0.8711102263630468
-1.8375,-4.2126421875,0.8205146317829229
-1.96,-4.1787875,0.7510934413067453
1.96,-4.353025000000001,0.8946975968401735
1.8375,-4.373403125,0.809820359233504
1.7149999999999999,-4.39378125,0.790979521850171
1.5925,-4.414159375,0.8135033270490047
1.47,-4.4345375,0.8565779765465628
1.3475,-4.454915625,0.903325333060912
1.225,-4.47529375,0.9408591305237104
1.1025,-4.495671874999999,0.9603196956685719
0.98,-4.51605,0.9579324763811223
0.8574999999999999,-4.519081249999999,1.0043787303795184
0.735,-4.5221124999999995,1.03571356084261
0.6125,-4.52514375,1.0532718397130185
0.49,-4.528175,1.058266311316916
0.36749999999999994,-4.53120625,1.0517853914279442
0.245,-4.534237500000001,1.0347909422747872
0.12250000000000005,-4.537268750000001,1.008116023492382
0.0,-4.5403,0.9724626190167862
-0.1225,-4.5241187499999995,0.9892076490732449
-0.245,-4.507937500000001,0.9964046114290659
-0.3675,-4.49175625,0.9975396739439537
-0.49,-4.475575000000001,0.9951187599726476
-0.6125,-4.45939375,0.9901624190215225
-0.735,-4.4432125000000005,0.9828601977217495
-0.8574999999999999,-4.427031250000001,0.972716741267563
-0.98,-4.41085,0.958672567304646
-1.1025,-4.375646875000001,0.9936206643512111
-1.225,-4.34044375,1.018596485898384
-1.3475,-4.305240625,1.0316345874158313
-1.47,-4.2700375,1.0310150558685671
-1.5925,-4.234834375,1.0153906801385835
-1.7149999999999999,-4.1996312499999995,0.9838151836958567
-1.8375,-4.164428125,0.9356725195187245
-1.96,-4.129225,0.8705072272636752
1.96,-4.3212625000000005,1.0246120713824745
1.8375,-4.3415140625,0.921135169268106
1.7149999999999999,-4.361765625,0.8916248477878778
1.5925,-4.3820171875,0.910069843980609
1.47,-4.40226875,0.9542107961338007
1.3475,-4.4225203125000005,1.0056332855973695
1.225,-4.442771875,1.049839785114632
1.1025,-4.4630234374999995,1.0763005171913211
0.98,-4.483275,1.0798471706929016
0.8574999999999999,-4.485684375,1.127680021921254
0.735,-4.488093749999999,1.1592295495613256
0.6125,-4.490503125,1.1760946496230265
0.49,-4.4929125,1.179784366315403
0.36749999999999994,-4.495321875,1.1717165855556024
0.245,-4.497731250000001,1.1532167163975775
0.12250000000000005,-4.500140625,1.1255163603804899
0.0,-4.50255,1.0897519687967714
-0.1225,-4.486240625,1.1007112223646744
-0.245,-4.46993125,1.1038318268431937
-0.3675,-4.4536218750000005,1.102708020191532
-0.49,-4.437312500000001,1.0995242087141324
-0.6125,-4.421003125,1.094764848509973
-0.735,-4.40469375,1.0881944613711756
-0.8574999999999999,-4.388384375000001,1.0790015749126323
-0.98,-4.372075000000001,1.0659097938681612
-1.1025,-4.335523437500001,1.0987049626146108
-1.225,-4.298971875,1.1215317341124391
-1.3475,-4.2624203125,1.1327838548084226
-1.47,-4.22586875,1.1311477633723983
-1.5925,-4.1893171875,1.115664358459609
-1.7149999999999999,-4.152765625,1.085680018389518
-1.8375,-4.116214062499999,1.0406868727410763
-1.96,-4.0796624999999995,0.9800523258644738
1.96,-4.2895,1.1493999999999993
1.8375,-4.3096250000000005,1.0269807717974522
1.7149999999999999,-4.329750000000001,0.9863082812699956
1.5925,-4.349875,1.0000949113300588
1.47,-4.37,1.0446902528706714
1.3475,-4.390125,1.1001890864899422
1.225,-4.41025,1.1505186637387084
1.1025,-4.430375,1.1835052921179459
0.98,-4.4505,1.1925999999999992
0.8574999999999999,-4.4522875,1.241569328917805
0.735,-4.454075,1.273150103071898
0.6125,-4.4558625,1.2891865434371823
0.49,-4.45765,1.2914612473550109
0.36749999999999994,-4.4594375,1.281694515674544
0.245,-4.461225000000001,1.2615436749612403
0.12250000000000005,-4.4630125000000005,1.2326023947724358
0.0,-4.4648,1.1963999999999997
-0.1225,-4.4483625,1.2017780581991073
-0.245,-4.431925000000001,1.200859852932902
-0.3675,-4.4154875,1.1973334906279383
-0.49,-4.399050000000001,1.1931041067943295
-0.6125,-4.3826125000000005,1.188196299980941
-0.735,-4.366175,1.1820178795770087
-0.8574999999999999,-4.349737500000001,1.17350036442412
-0.98,-4.3333,1.1612
-1.1025,-4.295400000000001,1.1917204474125378
-1.225,-4.2575,1.212529742190206
-1.3475,-4.2196,1.2223755221704584
-1.47,-4.1817,1.220303347874105
-1.5925,-4.143800000000001,1.2056421193846631
-1.7149999999999999,-4.1059,1.177866030459858
-1.8375,-4.068,1.1363330598752457
-1.96,-4.0301,1.0798999999999996
1.96,-4.243575,1.3210382893930415
1.8375,-4.26108125,1.1782165510321922
1.7149999999999999,-4.2785875,1.126181171847673
1.5925,-4.29609375,1.1373559979310852
1.47,-4.3136,1.1872115268756733
1.3475,-4.33110625,1.2543607903937446
1.225,-4.3486125,1.3206416114462356
1.1025,-4.36611875,1.3711852414751353
0.98,-4.383625,1.3967846788319513
0.8574999999999999,-4.3831984375,1.450043755103173
0.735,-4.3827718749999995,1.483729102152389
0.6125,-4.3823453125,1.5000767068208598
0.49,-4.3819187500000005,1.5013350488379593
0.36749999999999994,-4.3814921875,1.4897650679649792
0.245,-4.381065625000001,1.4676401312059715
0.12250000000000005,-4.3806390625,1.437246000085649
0.0,-4.380212500000001,1.4008807979942948
-0.1225,-4.3620671875,1.3974292354127693
-0.245,-4.343921875,1.3902803182835375
-0.3675,-4.3257765625,1.383432162000385
-0.49,-4.307631250000001,1.378415846780088
-0.6125,-4.2894859375,1.3745350551994049
-0.735,-4.271340625000001,1.370653338275329
-0.8574999999999999,-4.253195312500001,1.3653363106921552
-0.98,-4.23505,1.3569392657910813
-1.1025,-4.195321875,1.3795043750087987
-1.225,-4.15559375,1.3942192121737256
-1.3475,-4.115865625,1.4004373242033847
-1.47,-4.0761375,1.397609096605425
-1.5925,-4.036409375000001,1.3850633202543086
-1.7149999999999999,-3.99668125,1.3616462969392398
-1.8375,-3.9569531249999996,1.3251751825834641
-1.96,-3.917225,1.2723886346037745
1.96,-4.19765,1.4826487595410272
1.8375,-4.212537500000001,1.3183601796412485
1.7149999999999999,-4.227425,1.2533352492779595
1.5925,-4.2423125,1.2597418634225328
1.47,-4.2572,1.312237136375833
1.3475,-4.2720875000000005,1.3880469949342245
1.225,-4.286975,1.4670373916715975
1.1025,-4.3018624999999995,1.5317771452518718
0.98,-4.31675,1.570520997458207
0.8574999999999999,-4.314109375,1.626608580142844
0.735,-4.3114687499999995,1.6611660813300257
0.6125,-4.308828125,1.6767680498319213
0.49,-4.3061875,1.6760545707279855
0.36749999999999994,-4.303546875,1.6617302155383356
0.245,-4.300906250000001,1.6365630083003473
0.12250000000000005,-4.298265625000001,1.6033834075484554
0.0,-4.295625,1.565083304197165
-0.1225,-4.275771875,1.5528756335796223
-0.245,-4.25591875,1.5389803758260452
-0.3675,-4.236065625,1.5276165046582388
-0.49,-4.216212500000001,1.5200798734031578
-0.6125,-4.196359375,1.5152404008485754
-0.735,-4.17650625,1.5116838728334132
-0.8574999999999999,-4.156653125,1.5078411346597245
-0.98,-4.1368,1.5020504975039703
-1.1025,-4.095243750000001,1.5200851812898584
-1.225,-4.0536875000000006,1.5329088248224298
-1.3475,-4.0121312499999995,1.5400372676892862
-1.47,-3.970575,1.5405297724895346
-1.5925,-3.9290187500000004,1.5321359953942773
-1.7149999999999999,-3.8874625,1.5118150958628753
-1.8375,-3.8459062499999996,1.4761597437307892
-1.96,-3.80435,1.4214286311507636
1.96,-4.151725,1.6346391203983845
1.8375,-4.16399375,1.4483662453302184
1.7149999999999999,-4.1762625,1.3693121957422645
1.5925,-4.18853125,1.3694049555619707
1.47,-4.2008,1.422538454321968
1.3475,-4.213068750000001,1.5046335836387934
1.225,-4.2253375,1.5936945236830828
1.1025,-4.23760625,1.6698603878303306
0.98,-4.249875,1.7189734816682711
0.8574999999999999,-4.2450203124999994,1.776906476277933
0.735,-4.2401656249999995,1.8115625842865648
0.6125,-4.2353109375,1.8258063091733543
0.49,-4.23045625,1.8226044334305098
0.36749999999999994,-4.2256015625,1.8050231775926386
0.245,-4.220746875000001,1.776225458086961
0.12250000000000005,-4.215892187500001,1.7394682439043032
0.0,-4.2110375,1.6981000120908951
-0.1225,-4.1894765625,1.6778227872072398
-0.245,-4.167915625,1.6574601297413851
-0.3675,-4.146354687500001,1.641417385301716
-0.49,-4.12479375,1.6308911693530592
-0.6125,-4.1032328125,1.6245452258953654
-0.735,-4.081671875,1.6208751633463017
-0.8574999999999999,-4.0601109375,1.6183090941653349
-0.98,-4.03855,1.6152311403583235
-1.1025,-3.9951656250000003,1.6333633444548672
-1.225,-3.9517812500000002,1.6488594557114895
-1.3475,-3.9083968749999998,1.65955413443192
-1.47,-3.8650125,1.6627482826736857
-1.5925,-3.821628125,1.6553731388510056
-1.7149999999999999,-3.77824375,1.6340152612323626
-1.8375,-3.7348593749999996,1.594956538903262
-1.96,-3.691475,1.5342292301942153
1.96,-4.1058,1.7774170819195283
1.8375,-4.11545,1.5691893358046902
1.7149999999999999,-4.1251,1.475653693421996
1.5925,-4.13475,1.468497722106968
1.47,-4.1444,1.520886853664895
1.3475,-4.15405,1.6075064400348664
1.225,-4.1637,1.704601526748982
1.1025,-4.17335,1.7900143535926962
0.98,-4.183,1.8473066572516537
0.8574999999999999,-4.17593125,1.9065801157495488
0.735,-4.1688624999999995,1.9410201547037624
0.6125,-4.16179375,1.9537372215481523
0.49,-4.154725,1.947969257350955
0.36749999999999994,-4.14765625,1.92707717332591
0.245,-4.1405875000000005,1.8945406324084055
0.12250000000000005,-4.13351875,1.8539541358966383
0.0,-4.12645,1.8090234151577733
-0.1225,-4.1031812500000004,1.781976230803189
-0.245,-4.079912500000001,1.7562196842105204
-0.3675,-4.05664375,1.736365670631032
-0.49,-4.033375,1.7236447173193108
-0.6125,-4.01010625,1.7166824193066872
-0.735,-3.9868375,1.7139809531917116
-0.8574999999999999,-3.9635687500000003,1.71384463546227
-0.98,-3.9403,1.7143937506436508
-1.1025,-3.8950875000000003,1.7352336687676146
-1.225,-3.849875,1.7528650543806261
-1.3475,-3.8046625,1.7646005270736198
-1.47,-3.75945,1.767394107792249
-1.5925,-3.7142375000000003,1.757874383497211
-1.7149999999999999,-3.669025,1.7323946801384047
-1.8375,-3.6238124999999997,1.6871002439428904
-1.96,-3.5786,1.6180124310166852
1.96,-4.059875,1.9113903540588844
1.8375,-4.066906250000001,1.6817840387702545
1.7149999999999999,-4.0739375,1.5739014244985623
1.5925,-4.08096875,1.5591726108150967
1.47,-4.088,1.6100537073554315
1.3475,-4.09503125,1.7000514476498538
1.225,-4.1020625,1.8037469201375858
1.1025,-4.1090937499999995,1.8968184269211505
0.98,-4.116125,1.960685049997859
0.8574999999999999,-4.1068421875,2.021272170798808
0.735,-4.097559375,2.055640336263375
0.6125,-4.0882765625,2.067106523659302
0.49,-4.07899375,2.059133662894747
0.36749999999999994,-4.0697109375,2.0353254219361774
0.245,-4.0604281250000005,1.9994216831072755
0.12250000000000005,-4.0511453125,1.9552947102689064
0.0,-4.041862500000001,1.9069460068800879
-0.1225,-4.0168859375,1.8750414988750428
-0.245,-3.991909375,1.8457559661512466
-0.3675,-3.9669328125,1.823866909115035
-0.49,-3.9419562500000005,1.8104918896974849
-0.6125,-3.9169796875,1.803993091816459
-0.735,-3.892003125,1.802565667850884
-0.8574999999999999,-3.8670265625000004,1.8042842789412359
-0.98,-3.84205,1.8070914398436388
-1.1025,-3.7950093750000002,1.82869055902272
-1.225,-3.74796875,1.8461796032974052
-1.3475,-3.700928125,1.856573949103489
-1.47,-3.6538875,1.8565809023794368
-1.5925,-3.6068468750000005,1.8426597954094515
-1.7149999999999999,-3.55980625,1.811101239671702
-1.8375,-3.512765625,1.7581255346916818
-1.96,-3.465725,1.6800002329007264
1.96,-4.01395,2.036966646770869
1.8375,-4.0183625,1.7871049419325071
1.7149999999999999,-4.022775,1.665597071153375
1.5925,-4.0271875,1.6435820694439256
1.47,-4.0316,1.6928103883443937
1.3475,-4.0360125,1.7856544900111693
1.225,-4.040425,1.895119223117181
1.1025,-4.0448375,1.9948519921978742
0.98,-4.04925,2.0642731856963987
0.8574999999999999,-4.037753125,2.1266253136668247
0.735,-4.02625625,2.1615246726471598
0.6125,-4.014759375000001,2.172459952209791
0.49,-4.0032625,2.163082270467311
0.36749999999999994,-3.991765625,2.137197691249102
0.245,-3.98026875,2.098751515459006
0.12250000000000005,-3.9687718750000003,2.051839621268519
0.0,-3.957275,2.0007121028237647
-0.1225,-3.930590625,1.9657258322337468
-0.245,-3.9039062500000004,1.9339718954210736
-0.3675,-3.877221875,1.910329714386749
-0.49,-3.8505375,1.8959613780111173
-0.6125,-3.8238531250000003,1.889120251202898
-0.735,-3.79716875,1.8878597095483702
-0.8574999999999999,-3.770484375,1.8900869699386253
-0.98,-3.7438000000000002,1.893556365293347
-1.1025,-3.69493125,1.9141364573514974
-1.225,-3.6460625,1.9296365424516537
-1.3475,-3.5971937499999997,1.9368692639076508
-1.47,-3.548325,1.9324223209694609
-1.5925,-3.49945625,1.9127494406642838
-1.7149999999999999,-3.4505875,1.8742828269229543
-1.8375,-3.40171875,1.813567086991644
-1.96,-3.35285,1.727414635128893
1.96,-3.968025,2.1545490231857145
1.8375,-3.96981875,1.8860698595143541
1.7149999999999999,-3.9716125,1.752230189625464
1.5925,-3.97340625,1.7238221379651666
1.47,-3.9752,1.7718743645702952
1.3475,-3.97699375,1.8676537234779904
1.225,-3.9787875,1.9826669279562232
1.1025,-3.98058125,2.088662235178189
0.98,-3.982375,2.163210568725316
0.8574999999999999,-3.9686640625,2.228163498072002
0.735,-3.9549531250000003,2.264449233673342
0.6125,-3.9412421875000003,2.275660096887311
0.49,-3.92753125,2.265575593896463
0.36749999999999994,-3.9138203125000004,2.238159744416175
0.245,-3.900109375,2.1975582992459604
0.12250000000000005,-3.8863984375000005,2.1480958466638023
0.0,-3.8726875,2.0942728076635393
-0.1225,-3.8442953125,2.0560830406532276
-0.245,-3.815903125,2.0214905742577574
-0.3675,-3.7875109375,1.9955981383224366
-0.49,-3.75911875,1.9795963648434374
-0.6125,-3.7307265625,1.9716076027788345
-0.735,-3.702334375,1.9695282146004933
-0.8574999999999999,-3.6739421875,1.9710913032655228
-0.98,-3.64555,1.9738665457572941
-1.1025,-3.5948531249999998,1.9919738058852579
-1.225,-3.5441562500000003,2.0040693118332014
-1.3475,-3.4934593749999996,2.006881334872228
-1.47,-3.4427625,1.997032018096531
-1.5925,-3.392065625,1.9711633853382664
-1.7149999999999999,-3.34136875,1.9260873289828642
-1.8375,-3.290671875,1.8589595766847853
-1.96,-3.2399750000000003,1.7674721823775497
1.96,-3.9221,2.264500000000001
1.8375,-3.921275,1.9791770959881003
1.7149999999999999,-3.9204499999999998,1.8345178234990551
1.5925,-3.919625,1.8009049210777905
1.47,-3.9188,1.8486175942558465
1.3475,-3.917975,1.9478318505288434
1.225,-3.9171500000000004,2.068620833670328
1.1025,-3.916325,2.18095517090941
0.98,-3.9155,2.260699999999998
0.8574999999999999,-3.899575,2.3285308723531957
0.735,-3.8836500000000003,2.366395959695925
0.6125,-3.867725,2.3780138989379025
0.49,-3.8518,2.3673143698695553
0.36749999999999994,-3.835875,2.3384342239055216
0.245,-3.81995,2.2957134386580553
0.12250000000000005,-3.804025,2.243690898340386
0.0,-3.7881,2.1870999999999983
-0.1225,-3.758,2.1454465175509108
-0.245,-3.7279,2.107667577055349
-0.3675,-3.6978,2.079070053465559
-0.49,-3.6677,2.0608538480407277
-0.6125,-3.6376,2.05099748283338
-0.735,-3.6075,2.047236319323577
-0.8574999999999999,-3.5774,2.0471358737330085
-0.98,-3.5473,2.0481000000000007
-1.1025,-3.4947749999999997,2.0626050467553156
-1.225,-3.44225,2.070311351431876
-1.3475,-3.389725,2.068005025383343
-1.47,-3.3372,2.05252364829486
-1.5925,-3.284675,2.0209216955079565
-1.7149999999999999,-3.23215,1.9706533882882362
-1.8375,-3.179625,1.8995139133951608
-1.96,-3.1271,1.8054999999999994
1.96,-3.835775,2.4517156125582664
1.8375,-3.8339453125,2.132663141857428
1.7149999999999999,-3.8321156249999997,1.9667232462618274
1.5925,-3.8302859375,1.9220501874843918
1.47,-3.82845625,1.9665964923775867
1.3475,-3.8266265625000004,2.068114434770337
1.225,-3.8247968750000005,2.1941575100657675
1.1025,-3.8229671875,2.3120819172972684
0.98,-3.8211375000000003,2.3955675259654607
0.8574999999999999,-3.8036796875,2.4652698917621816
0.735,-3.7862218750000003,2.5032520572967263
0.6125,-3.7687640625,2.513473698646312
0.49,-3.75130625,2.500116308664133
0.36749999999999994,-3.7338484375000003,2.467578006131504
0.245,-3.716390625,2.4204681154512135
0.12250000000000005,-3.6989328125000003,2.363601516882092
0.0,-3.681475,2.3019927673148275
-0.1225,-3.64839375,2.256456754673545
-0.245,-3.6153125,2.214935467030253
-0.3675,-3.58223125,2.182980880875725
-0.49,-3.54915,2.161797681141291
-0.6125,-3.51606875,2.1491851753344173
-0.735,-3.4829875,2.1426880175710985
-0.8574999999999999,-3.4499062499999997,2.1396868721346505
-0.98,-3.416825,2.137421814407452
-1.1025,-3.3643828124999997,2.144484659200465
-1.225,-3.311940625,2.14441008698857
-1.3475,-3.2594984375,2.134298400286246
-1.47,-3.20705625,2.1114882000160486
-1.5925,-3.1546140625,2.073515902465668
-1.7149999999999999,-3.102171875,2.0181309270899357
-1.8375,-3.0497296875,1.9433613555272733
-1.96,-2.9972875,1.8475605863257534
1.96,-3.74945,2.6154420343201954
1.8375,-3.746615625,2.269262776865082
1.7149999999999999,-3.7437812499999996,2.0869231340197967
1.5925,-3.7409468749999997,2.034579485965872
1.47,-3.7381125,2.0781146253733476
1.3475,-3.7352781250000002,2.1831409155221104
1.225,-3.7324437500000003,2.315003421512237
1.1025,-3.729609375,2.438783030276535
0.98,-3.726775,2.5262721566744144
0.8574999999999999,-3.707784375,2.597912829423342
0.735,-3.6887937500000003,2.63609724196148
0.6125,-3.669803125,2.645019744374887
0.49,-3.6508125,2.629104856575176
0.36749999999999994,-3.631821875,2.5930004887064935
0.245,-3.61283125,2.541570866191629
0.12250000000000005,-3.5938406250000003,2.4798891594172434
0.0,-3.57485,2.4132298180582152
-0.1225,-3.5387874999999998,2.3633928422459367
-0.245,-3.502725,2.317603165690416
-0.3675,-3.4666625,2.2816237728516198
-0.49,-3.4306,2.2566461474563306
-0.6125,-3.3945374999999998,2.240301114562386
-0.735,-3.358475,2.229977516689986
-0.8574999999999999,-3.3224125,2.22293487991644
-0.98,-3.2863499999999997,2.21634728531749
-1.1025,-3.2339906249999997,2.215704708347498
-1.225,-3.18163125,2.208189932212005
-1.3475,-3.1292718749999997,2.1912186811158474
-1.47,-3.0769125,2.162357506917615
-1.5925,-3.0245531249999997,2.119384274298533
-1.7149999999999999,-2.9721937499999997,2.0603411871602306
-1.8375,-2.919834375,1.9835792835488921
-1.96,-2.8674749999999998,1.8877943991057378
1.96,-3.663125,2.757946800101761
1.8375,-3.6592859375,2.3902982899023684
1.7149999999999999,-3.655446875,2.1956896226673672
1.5925,-3.6516078125,2.1384927246304635
1.47,-3.64776875,2.1827558904955744
1.3475,-3.6439296875,2.29220884732079
1.225,-3.640090625,2.4302677515320323
1.1025,-3.6362515625,2.5600401356590647
0.98,-3.6324125,2.651694126938024
0.8574999999999999,-3.6118890625,2.7252378456494704
0.735,-3.5913656250000003,2.7636253933291037
0.6125,-3.5708421875000003,2.771280564403983
0.49,-3.5503187499999997,2.752863074762583
0.36749999999999994,-3.5297953125,2.7132598993553043
0.245,-3.509271875,2.6575762369867517
0.12250000000000005,-3.4887484375,2.5911261022997607
0.0,-3.468225,2.5194225449511847
-0.1225,-3.42918125,2.464872246212703
-0.245,-3.3901375,2.414321247162025
-0.3675,-3.35109375,2.373711447995352
-0.49,-3.3120499999999997,2.3442151142408965
-0.6125,-3.27300625,2.323328139623812
-0.735,-3.2339624999999996,2.308348839383554
-0.8574999999999999,-3.19491875,2.296532292378256
-0.98,-3.155875,2.285113788507251
-1.1025,-3.1035984374999996,2.277144239564737
-1.225,-3.051321875,2.2628742230137178
-1.3475,-2.9990453125,2.2398841220822336
-1.47,-2.9467687500000004,2.205955888673415
-1.5925,-2.8944921875,2.1591238556944536
-1.7149999999999999,-2.8422156249999997,2.097717058328539
-1.8375,-2.7899390625000002,2.020393064249696
-1.96,-2.7376625,1.9261633127805846
1.96,-3.5768,2.8814974447189305
1.8375,-3.5719562500000004,2.4970919698605925
1.7149999999999999,-3.5671125,2.293594848098948
1.5925,-3.56226875,2.2337898115864023
1.47,-3.5574250000000003,2.28010418499671
1.3475,-3.5525812500000002,2.394615784702999
1.225,-3.5477375,2.5390596836474524
1.1025,-3.54289375,2.674834859256713
0.98,-3.53805,2.770713671567457
0.8574999999999999,-3.51599375,2.846023100753364
0.735,-3.4939375000000004,2.8845303910385223
0.6125,-3.47188125,2.8908846870139544
0.49,-3.4498249999999997,2.86997402438625
0.36749999999999994,-3.4277687500000003,2.826914465802754
0.245,-3.4057125,2.7670387739440288
0.12250000000000005,-3.38365625,2.6958846218835624
0.0,-3.3616,2.6191823407147585
-0.1225,-3.319575,2.5595124325184617
-0.245,-3.2775499999999997,2.5037402855712667
-0.3675,-3.235525,2.457959104621158
-0.49,-3.1935,2.4233700734041714
-0.6125,-3.1514749999999996,2.3974408917423378
-0.735,-3.10945,2.377462599536052
-0.8574999999999999,-3.067425,2.3606871702531462
-0.98,-3.0254,2.344379178783604
-1.1025,-2.9732062499999996,2.329656952873944
-1.225,-2.9210125,2.309301681384553
-1.3475,-2.86881875,2.281076743290409
-1.47,-2.816625,2.2429882748116343
-1.5925,-2.76443125,2.1933253033111906
-1.7149999999999999,-2.7122374999999996,2.1306914304242777
-1.8375,-2.66004375,2.054028064419359
-1.96,-2.60785,1.9626292017909301
1.96,-3.490475,2.988361502987677
1.8375,-3.4846265625000004,2.5909661056310553
1.7149999999999999,-3.478778125,2.3812109462089475
1.5925,-3.4729296874999998,2.320470654941921
1.47,-3.46708125,2.3697434061291958
1.3475,-3.4612328125000005,2.489659282205362
1.225,-3.4553843750000004,2.6404884013807948
1.1025,-3.4495359375,2.7821488268813384
0.98,-3.4436875000000002,2.8822110253738775
0.8574999999999999,-3.4200984375,2.9590467550478112
0.735,-3.396509375,2.9975061147286564
0.6125,-3.3729203125,3.0024606404851544
0.49,-3.3493312499999996,2.9790207666060735
0.36749999999999994,-3.3257421875,2.932522415773661
0.245,-3.302153125,2.8685130231709084
0.12250000000000005,-3.2785640625,2.7927369945225693
0.0,-3.254975,2.711120611041733
-0.1225,-3.20996875,2.6459589428854704
-0.245,-3.1649624999999997,2.584693326577128
-0.3675,-3.11995625,2.5336080143119264
-0.49,-3.07495,2.4938910569612673
-0.6125,-3.0299437499999997,2.462911127805359
-0.735,-2.9849375,2.43791376535744
-0.8574999999999999,-2.93993125,2.4161636188171647
-0.98,-2.8949249999999997,2.3949964392575054
-1.1025,-2.8428140624999996,2.374092995860356
-1.225,-2.7907031250000003,2.348300596461364
-1.3475,-2.7385921875,2.315578564748393
-1.47,-2.68648125,2.2741595948604703
-1.5925,-2.6343703124999998,2.2225792738065144
-1.7149999999999999,-2.5822593749999996,2.1596971932768634
-1.8375,-2.5301484375000003,2.0847096508475547
-1.96,-2.4780375,1.9971539405774092
1.96,-3.40415,3.0808065097239687
1.8375,-3.3972968750000003,2.6732429861050666
1.7149999999999999,-3.39044375,2.4591100528917713
1.5925,-3.383590625,2.39853516280525
1.47,-3.3767375,2.451257451145479
1.3475,-3.3698843750000003,2.5766368943645026
1.225,-3.36303125,2.733663088254361
1.1025,-3.356178125,2.880963664344796
0.98,-3.3493250000000003,2.9850664231684507
0.8574999999999999,-3.324203125,3.0630869688456075
0.735,-3.29908125,3.1012464440384244
0.6125,-3.273959375,3.104636953097938
0.49,-3.2488375,3.0785866784680134
0.36749999999999994,-3.223715625,3.0286556906396607
0.245,-3.1985937499999997,2.9606195721240454
0.12250000000000005,-3.1734718749999997,2.880432084480633
0.0,-3.1483499999999998,2.7942043718078073
-0.1225,-3.1003625,2.7237108771539185
-0.245,-3.052375,2.657231688639606
-0.3675,-3.0043875,2.601073371461612
-0.49,-2.9563999999999995,2.5563619693744215
-0.6125,-2.9084125,2.520400040942654
-0.735,-2.8604249999999998,2.490424489791199
-0.8574999999999999,-2.8124374999999997,2.4637499488862202
-0.98,-2.76445,2.437819625742504
-1.1025,-2.712421875,2.411302516109211
-1.225,-2.66039375,2.380699257381001
-1.3475,-2.6083656250000002,2.344171606464208
-1.47,-2.5563375,2.300174778348115
-1.5925,-2.504309375,2.2474764238381817
-1.7149999999999999,-2.45228125,2.185167236715714
-1.8375,-2.400253125,2.112663190323961
-1.96,-2.3482250000000002,2.0296994035806573
1.96,-3.317825,3.161099999743777
1.8375,-3.3099671875000003,2.745244900173926
1.7149999999999999,-3.302109375,2.527864304041827
1.5925,-3.2942515625,2.4679832432846265
1.47,-3.2863937500000002,2.524230217298
1.3475,-3.2785359375,2.654846175717047
1.225,-3.270678125,2.817692927790448
1.1025,-3.2628203124999997,2.970260997458942
0.98,-3.2549625,3.078160116953565
0.8574999999999999,-3.2283078124999998,3.1569317470550273
0.735,-3.201653125,3.194510436583162
0.6125,-3.1749984375,3.196244830053878
0.49,-3.14834375,3.1677048313222507
0.36749999999999994,-3.1216890625,3.114658702479224
0.245,-3.095034375,3.043051003980249
0.12250000000000005,-3.0683796875,2.958981376005946
0.0,-3.0417249999999996,2.868684161054722
-0.1225,-2.99075625,2.793255324419757
-0.245,-2.9397875,2.7219056007939293
-0.3675,-2.88881875,2.6609292384142402
-0.49,-2.8378499999999995,2.611394090736988
-0.6125,-2.7868812499999995,2.5705692872160744
-0.735,-2.7359124999999995,2.5357169257808176
-0.8574999999999999,-2.6849437499999995,2.5042344712762223
-0.98,-2.633975,2.473702794052151
-1.1025,-2.5820296875,2.44213566120575
-1.225,-2.530084375,2.4073259532803157
-1.3475,-2.4781390625,2.367637888445874
-1.47,-2.4261937500000004,2.321738754802763
-1.5925,-2.3742484375,2.268607410063959
-1.7149999999999999,-2.322303125,2.207534450570249
-1.8375,-2.2703578125,2.1381140496382516
-1.96,-2.2184125,2.0602274652413093
1.96,-3.2315,3.2315
1.8375,-3.2226375000000003,2.8082839494152774
1.7149999999999999,-3.213775,2.5880437212722125
1.5925,-3.2049125,2.5288331379480127
1.47,-3.19605,2.5882985030547747
1.3475,-3.1871875000000003,2.7236862444080576
1.225,-3.178325,2.891850504371528
1.1025,-3.1694625,3.0492606971568748
0.98,-3.1606,3.1607000000000007
0.8574999999999999,-3.1324125,3.2400396211072295
0.735,-3.104225,3.2770934859233134
0.6125,-3.0760375,3.277413994865535
0.49,-3.04785,3.2467544503632233
0.36749999999999994,-3.0196625,3.1910451066225916
0.245,-2.991475,3.116370214257711
0.12250000000000005,-2.9632875,3.0289460597876894
0.0,-2.9351,2.9350999999999985
-0.1225,-2.88115,2.855134516205157
-0.245,-2.8272,2.779266795224107
-0.3675,-2.77325,2.713749677513849
-0.49,-2.7192999999999996,2.659598701142326
-0.6125,-2.6653499999999997,2.614080522687476
-0.735,-2.6113999999999997,2.5745132262697745
-0.8574999999999999,-2.55745,2.5384054968030796
-0.98,-2.5035,2.503499999999999
-1.1025,-2.4516375,2.467442578735208
-1.225,-2.399775,2.4290089732961597
-1.3475,-2.3479125,2.3867594307014124
-1.47,-2.29605,2.3395564537526083
-1.5925,-2.2441875,2.286562889141609
-1.7149999999999999,-2.192325,2.2272317246698834
-1.8375,-2.1404625,2.1612875955801023
-1.96,-2.0886,2.0886999999999993
1.96,-3.0839875,3.332902269001689
1.8375,-3.0761000000000003,2.8962884792578647
1.7149999999999999,-3.0682125,2.669869819359059
1.5925,-3.0603249999999997,2.6099304295183283
1.47,-3.0524375,2.672436613860248
1.3475,-3.04455,2.813042551116037
1.225,-3.0366625000000003,2.9870959682222065
1.1025,-3.028775,3.149643797026787
0.98,-3.0208875,3.2644011897882494
0.8574999999999999,-2.99381875,3.3423150950769935
0.735,-2.96675,3.3766682289166394
0.6125,-2.93968125,3.373338811835409
0.49,-2.9126125,3.338351184871133
0.36749999999999994,-2.88554375,3.277855999656723
0.245,-2.858475,3.1981112895537267
0.12250000000000005,-2.8314062499999997,3.105464421833903
0.0,-2.8043375,3.006334930908829
-0.1225,-2.751253125,2.919289256018664
-0.245,-2.69816875,2.83672450948485
-0.3675,-2.645084375,2.7647957098278826
-0.49,-2.5919999999999996,2.7044565885723317
-0.6125,-2.5389156249999996,2.6529925283984426
-0.735,-2.48583125,2.6077930450395765
-0.8574999999999999,-2.432746875,2.5664779076027053
-0.98,-2.3796625,2.5269285303275657
-1.1025,-2.3306484375,2.4867238089542414
-1.225,-2.281634375,2.4450880057428637
-1.3475,-2.2326203125,2.4006898788283153
-1.47,-2.18360625,2.3524761253481787
-1.5925,-2.1345921875,2.2996622016224126
-1.7149999999999999,-2.085578125,2.2417161448680445
-1.8375,-2.0365640625,2.178335396448893
-1.96,-1.98755,2.109416626660323
1.96,-2.936475,3.412524852894073
1.8375,-2.9295625000000003,2.9639187394566595
1.7149999999999999,-2.92265,2.731963899568531
1.5925,-2.9157374999999996,2.671399843906221
1.47,-2.908825,2.736724567817179
1.3475,-2.9019125000000003,2.882198673914208
1.225,-2.895,3.0618494696998235
1.1025,-2.8880875,3.229475060958581
0.98,-2.881175,3.34784468186249
0.8574999999999999,-2.855225,3.4252556429938004
0.735,-2.829275,3.4580455627975377
0.6125,-2.803325,3.4523464898052034
0.49,-2.777375,3.4143903670348728
0.36749999999999994,-2.751425,3.350492918303714
0.245,-2.725475,3.2670383108002463
0.12250000000000005,-2.699525,3.1704645939163747
0.0,-2.673575,3.0672499143391785
-0.1225,-2.62135625,2.9743421505177374
-0.245,-2.5691375,2.886132596345529
-0.3675,-2.51691875,2.8086780294798075
-0.49,-2.4646999999999997,2.7429036285217903
-0.6125,-2.41248125,2.6861595916775634
-0.735,-2.3602624999999997,2.635941190923222
-0.8574999999999999,-2.30804375,2.5900020305808233
-0.98,-2.2558249999999997,2.546374159404759
-1.1025,-2.2096593749999998,2.502658233893352
-1.225,-2.1634937499999998,2.458401620162436
-1.3475,-2.1173281250000002,2.4123705458727955
-1.47,-2.0711625000000002,2.3635801157489427
-1.5925,-2.024996875,2.3112795387974137
-1.7149999999999999,-1.9788312499999998,2.2549315076666483
-1.8375,-1.9326656249999998,2.1941857301484062
-1.96,-1.8865,2.1288466128207544
1.96,-2.7889625000000002,3.4725144129458507
1.8375,-2.7830250000000003,3.013297766392838
1.7149999999999999,-2.7770875,2.7764525967882254
1.5925,-2.77115,2.7153857824262118
1.47,-2.7652125,2.7833266072799936
1.3475,-2.759275,2.933329608211609
1.225,-2.7533374999999998,3.1182774063574334
1.1025,-2.7474,3.2908835438770594
0.98,-2.7414625,3.4130877265385453
0.8574999999999999,-2.71663125,3.4908117098743787
0.735,-2.6917999999999997,3.523048596933397
0.6125,-2.66696875,3.5161195797910376
0.49,-2.6421375,3.4764074683550787
0.36749999999999994,-2.61730625,3.410343852147394
0.245,-2.592475,3.3243969422138604
0.12250000000000005,-2.56764375,3.2250600931623814
0.0,-2.5428125,3.118841005329029
-0.1225,-2.491459375,3.0211957572716677
-0.245,-2.44010625,2.9283215612903915
-0.3675,-2.388753125,2.8461796197552736
-0.49,-2.3373999999999997,2.7756966901150353
-0.6125,-2.286046875,2.71432672560791
-0.735,-2.23469375,2.659698351461604
-0.8574999999999999,-2.183340625,2.6097155369063287
-0.98,-2.1319874999999997,2.5625671192385386
-1.1025,-2.0886703124999997,2.515925022696024
-1.225,-2.045353125,2.469567054721209
-1.3475,-2.0020359375,2.422344080541088
-1.47,-1.95871875,2.373323079687432
-1.5925,-1.9154015624999998,2.3217683038044017
-1.7149999999999999,-1.872084375,2.267117603629596
-1.8375,-1.8287671875,2.2089539251485415
-1.96,-1.78545,2.1469719749226206
1.96,-2.64145,3.5150176104257147
1.8375,-2.6364875000000003,3.046548596447579
1.7149999999999999,-2.631525,2.805462545905748
1.5925,-2.6265625,2.744032646392825
1.47,-2.6216,2.8144069746031195
1.3475,-2.6166375000000004,2.9686103494172764
1.225,-2.611675,3.1585461757480866
1.1025,-2.6067125,3.3359983007070286
0.98,-2.60175,3.462187574132242
0.8574999999999999,-2.5780374999999998,3.540933740735456
0.735,-2.554325,3.5735004406915984
0.6125,-2.5306125,3.5663406328090463
0.49,-2.5069,3.5259379603323833
0.36749999999999994,-2.4831875,3.458796790771586
0.245,-2.459475,3.37143284801116
0.12250000000000005,-2.4357625,3.2703644366991926
0.0,-2.41205,3.1621042589163566
-0.1225,-2.3615625,3.0607526338497517
-0.245,-2.3110749999999998,2.964121909803686
-0.3675,-2.2605874999999997,2.878083463939935
-0.49,-2.2100999999999997,2.803592642476405
-0.6125,-2.1596124999999997,2.738238943272556
-0.735,-2.1091249999999997,2.6798052141956146
-0.8574999999999999,-2.0586374999999997,2.6263560977481166
-0.98,-2.0081499999999997,2.57623764183587
-1.1025,-1.96768125,2.52720334450574
-1.225,-1.9272125,2.4792015475855194
-1.3475,-1.88674375,2.431153131539423
-1.47,-1.846275,2.3821596718961793
-1.5925,-1.8058062499999998,2.3314818997811586
-1.7149999999999999,-1.7653374999999998,2.278514223320781
-1.8375,-1.72486875,2.2227553099191986
-1.96,-1.6844000000000001,2.163774729407252
1.96,-2.4939375000000004,3.542181106602364
1.8375,-2.4899500000000003,3.065794266002055
1.7149999999999999,-2.4859625000000003,2.821120381808699
1.5925,-2.481975,2.7594848371205813
1.47,-2.4779875000000002,2.832129912140975
1.3475,-2.474,2.9902158929402427
1.225,-2.4700125,3.1848221754248365
1.1025,-2.466025,3.3669483863732994
0.98,-2.4620375,3.49720147495941
0.8574999999999999,-2.4394437499999997,3.5775721805937595
0.735,-2.41685,3.6112242034395288
0.6125,-2.3942562499999998,3.6046921998753536
0.49,-2.3716625,3.564517314467417
0.36749999999999994,-2.34906875,3.497239723760117
0.245,-2.326475,3.409391692408736
0.12250000000000005,-2.30388125,3.3074911416540864
0.0,-2.2812875,3.1980357301391398
-0.1225,-2.2316656249999998,3.0939153378212816
-0.245,-2.18204375,2.994364147369663
-0.3675,-2.132421875,2.905172545319447
-0.49,-2.0827999999999998,2.827348354730234
-0.6125,-2.033178125,2.758641257754572
-0.735,-1.98355625,2.6970024666661483
-0.8574999999999999,-1.933934375,2.6406613842750843
-0.98,-1.8843124999999998,2.588115959203718
-1.1025,-1.8466921875,2.5371723684659866
-1.225,-1.8090718749999999,2.4879223369217005
-1.3475,-1.7714515625,2.4393403475740323
-1.47,-1.7338312500000002,2.390544547107716
-1.5925,-1.6962109374999998,2.3407737298654707
-1.7149999999999999,-1.658590625,2.289361157304105
-1.8375,-1.6209703125,2.235705212930277
-1.96,-1.58335,2.179236892715976
1.96,-2.346425,3.5561515627444993
1.8375,-2.3434125,3.0731578114374476
1.7149999999999999,-2.3404000000000003,2.825552739384682
1.5925,-2.3373875,2.7638867559240037
1.47,-2.334375,2.8386596622479856
1.3475,-2.3313625,3.0003212341895487
1.225,-2.32835,3.199271802940735
1.1025,-2.3253375,3.385862855800674
0.98,-2.322325,3.5201866793358736
0.8574999999999999,-2.30085,3.6026774744660206
0.735,-2.279375,3.6380429945445703
0.6125,-2.2579,3.6328568320060883
0.49,-2.2364249999999997,3.5936810022608165
0.36749999999999994,-2.21495,3.527060640696815
0.245,-2.1934750000000003,3.439519139623183
0.12250000000000005,-2.1719999999999997,3.337553725154334
0.0,-2.150525,3.227631474035357
-0.1225,-2.1017687499999997,3.12158642675555
-0.245,-2.0530125,3.0198787794725717
-0.3675,-2.00425625,2.928229847179461
-0.49,-1.9554999999999998,2.8477206960008568
-0.6125,-1.90674375,2.77627868213703
-0.735,-1.8579875,2.7120307964140955
-0.8574999999999999,-1.8092312499999998,2.653369067656125
-0.98,-1.760475,2.598932303349046
-1.1025,-1.725703125,2.5465112637202463
-1.225,-1.69093125,2.4963466608960907
-1.3475,-1.656159375,2.44744837735115
-1.47,-1.6213875,2.398932360054575
-1.5925,-1.5866156249999999,2.349997197195124
-1.7149999999999999,-1.55184375,2.299898196143459
-1.8375,-1.517071875,2.247918962651676
-1.96,-1.4823,2.1933404812901243
1.96,-2.1989125,3.559075640120812
1.8375,-2.196875,3.07076226913493
1.7149999999999999,-2.1948375,2.8208862535212975
1.5925,-2.1928,2.7593828041176134
1.47,-2.1907625,2.836160467278575
1.3475,-2.188725,3.001101368574228
1.225,-2.1866874999999997,3.2040614558488363
1.1025,-2.18465,3.39487076391396
0.98,-2.1826125,3.533200437577462
0.8574999999999999,-2.16225625,3.6182000673689645
0.735,-2.1418999999999997,3.6557799233741073
0.6125,-2.12154375,3.6525170802173768
0.49,-2.1011875,3.6149644952132123
0.36749999999999994,-2.08083125,3.5496475311655056
0.245,-2.0604750000000003,3.46306085387109
0.12250000000000005,-2.04011875,3.3616657043272102
0.0,-2.0197625,3.2518875456429828
-0.1225,-1.971871875,3.144668458221852
-0.245,-1.92398125,3.04149631159666
-0.3675,-1.876090625,2.9480383528056335
-0.49,-1.8281999999999998,2.86546653541261
-0.6125,-1.7803093749999999,2.791896229503
-0.735,-1.73241875,2.7256308909803506
-0.8574999999999999,-1.684528125,2.6652168190601366
-0.98,-1.6366375,2.6094169062788177
-1.1025,-1.6047140624999998,2.5558991994120017
-1.225,-1.572790625,2.5050917576750225
-1.3475,-1.5408671875,2.4560198695770055
-1.47,-1.50894375,2.407777765469285
-1.5925,-1.4770203124999999,2.3595057049079005
-1.7149999999999999,-1.445096875,2.3103651304027433
-1.8375,-1.4131734375,2.259511887553296
-1.96,-1.38125,2.206067511571022
1.96,-2.0514,3.5530999999999997
1.8375,-2.0503375,3.0607306754756802
1.7149999999999999,-2.049275,2.809247559106148
1.5925,-2.0482125,2.748117383015932
1.47,-2.0471500000000002,2.8267965695871675
1.3475,-2.0460875,2.9947312915033164
1.225,-2.045025,3.2013575317021914
1.1025,-2.0439625,3.396101165637966
0.98,-2.0429,3.5383000000000004
0.8574999999999999,-2.0236625,3.626090404319319
0.735,-2.004425,3.666258099295527
0.6125,-1.9851874999999999,3.665355495525349
0.49,-1.9659499999999999,3.6299032648252374
0.36749999999999994,-1.9467125,3.566388384750013
0.245,-1.927475,3.481262499369051
0.12250000000000005,-1.9082375,3.3809405962999883
0.0,-1.889,3.2717999999999994
-0.1225,-1.841975,3.164063989789478
-0.245,-1.79495,3.0600472492261765
-0.3675,-1.747925,2.9653810454836176
-0.49,-1.7008999999999999,2.8813427420898283
-0.6125,-1.653875,2.8062389129355565
-0.735,-1.60685,2.7385434379058067
-0.8574999999999999,-1.559825,2.6769423096560128
-0.98,-1.5128,2.620299999999998
-1.1025,-1.483725,2.5660153446847382
-1.225,-1.45465,2.5147748654248305
-1.3475,-1.425575,2.465597472957834
-1.47,-1.3965,2.4175354180843818
-1.5925,-1.367425,2.369652656141588
-1.7149999999999999,-1.33835,2.321001750645855
-1.8375,-1.309275,2.2705993161050357
-1.96,-1.2802,2.2174
1.96,-1.9102375,3.5410294893684093
1.8375,-1.9097125,3.045893144821263
1.7149999999999999,-1.9091875000000003,2.793445831630852
1.5925,-1.9086625,2.7328422583216083
1.47,-1.9081375000000003,2.813233561022674
1.3475,-1.9076125,2.9837673166662553
1.225,-1.9070874999999998,3.193587556175021
1.1025,-1.9065625000000002,3.3918348001177323
0.98,-1.9060375,3.537603022701076
0.8574999999999999,-1.8885578125,3.6282972954102046
0.735,-1.871078125,3.6712109396847077
0.6125,-1.8535984374999999,3.672853562794063
0.49,-1.8361187499999998,3.6397008796860746
0.36749999999999994,-1.8186390625,3.5781940294125123
0.245,-1.8011593750000001,3.4947391287991554
0.12250000000000005,-1.7836796875,3.395707063360242
0.0,-1.7662,3.2874335154573298
-0.1225,-1.722375,3.1794392914014016
-0.245,-1.67855,3.0748404728883525
-0.3675,-1.634725,2.9792737719978435
-0.49,-1.5909,2.89413756425519
-0.6125,-1.547075,2.81791141449217
-0.735,-1.50325,2.749204370565743
-0.8574999999999999,-1.459425,2.6867950156271396
-0.98,-1.4156,2.629596111444356
-1.1025,-1.3881171875,2.574971202500853
-1.225,-1.360634375,2.5235618951184593
-1.3475,-1.3331515625,2.4743678255886543
-1.47,-1.3056687500000002,2.4263943688461644
-1.5925,-1.2781859375,2.3786313664898677
-1.7149999999999999,-1.250703125,2.3300306210620767
-1.8375,-1.2232203125,2.279482156586196
-1.96,-1.1957375,2.2257892453627592
1.96,-1.769075,3.5246560094463764
1.8375,-1.7690875,3.0278547874089203
1.7149999999999999,-1.7691000000000001,2.7750517676683124
1.5925,-1.7691124999999999,2.7151941666626223
1.47,-1.7691250000000003,2.797229253419099
1.3475,-1.7691375,2.9701043495608177
1.225,-1.7691499999999998,3.1827668293133384
1.1025,-1.7691625000000002,3.384164142033075
0.98,-1.769175,3.533219518050897
0.8574999999999999,-1.753453125,3.6269116673241126
0.735,-1.73773125,3.6727134379448962
0.6125,-1.7220093749999998,3.677077594570144
0.49,-1.7062875,3.6464246550823494
0.36749999999999994,-1.690565625,3.5871430906504527
0.245,-1.67484375,3.5055896984174106
0.12250000000000005,-1.659121875,3.4080901468144753
0.0,-1.6434,3.3009396935022037
-0.1225,-1.6027749999999998,3.193159007326461
-0.245,-1.56215,3.088423674495271
-0.3675,-1.521525,2.9923932069017694
-0.49,-1.4808999999999999,2.906589849738859
-0.6125,-1.440275,2.8296548886601287
-0.735,-1.3996499999999998,2.760317452869782
-0.8574999999999999,-1.359025,2.6974316084930026
-0.98,-1.3184,2.6399406965296577
-1.1025,-1.2925093749999998,2.5851410266058066
-1.225,-1.26661875,2.533644913906088
-1.3475,-1.240728125,2.4844130195985015
-1.47,-1.2148375,2.4363849153243837
-1.5925,-1.1889468749999998,2.388458481809742
-1.7149999999999999,-1.16305625,2.3394682759788052
-1.8375,-1.137165625,2.2881628665698046
-1.96,-1.111275,2.233181138252971
1.96,-1.6279125,3.5058607606836345
1.8375,-1.6284625,3.008491887816332
1.7149999999999999,-1.6290125,2.755960949198156
1.5925,-1.6295625,2.697101091666214
1.47,-1.6301125,2.7807465131086264
1.3475,-1.6306625000000001,2.955732473741873
1.225,-1.6312125,3.1708953074007193
1.1025,-1.6317625,3.3750724553741827
0.98,-1.6323124999999998,3.5270833893392215
0.8574999999999999,-1.6183484375,3.623740336470965
0.735,-1.604384375,3.672429351723398
0.6125,-1.5904203125,3.679539767312283
0.49,-1.57645625,3.6514331799517032
0.36749999999999994,-1.5624921875000002,3.5944442027615375
0.245,-1.548528125,3.514881338131745
0.12250000000000005,-1.5345640624999999,3.419027971543468
0.0,-1.5206,3.3131434863469433
-0.1225,-1.483175,3.2059276235246843
-0.245,-1.44575,3.101406554800707
-0.3675,-1.408325,3.0052788323616606
-0.49,-1.3708999999999998,2.9191879287972538
-0.6125,-1.333475,2.841918372472088
-0.735,-1.29605,2.7722986620805434
-0.8574999999999999,-1.2586249999999999,2.7092370627307347
-0.98,-1.2212,2.6516868596576635
-1.1025,-1.1969015625,2.596859951977144
-1.225,-1.172603125,2.545334989612788
-1.3475,-1.1483046875,2.4960126088422934
-1.47,-1.12400625,2.4477467098326433
-1.5925,-1.0997078125,2.3993247937937205
-1.7149999999999999,-1.075409375,2.3494474474722167
-1.8375,-1.0511109375,2.296706974985858
-1.96,-1.0268125000000001,2.2395651769979423
1.96,-1.48675,3.486524943529919
1.8375,-1.4878375,2.989680730621177
1.7149999999999999,-1.488925,2.738068958200008
1.5925,-1.4900125,2.6804910169596203
1.47,-1.4911,2.7657482064234413
1.3475,-1.4921875,2.9426417727642873
1.225,-1.493275,3.1599729467207403
1.1025,-1.4943625,3.366543004131245
0.98,-1.49545,3.5211285398558094
0.8574999999999999,-1.48324375,3.620590119260686
0.735,-1.4710375,3.6720224386675175
0.6125,-1.4588312499999998,3.6817522574791637
0.49,-1.446625,3.6560850432317737
0.36749999999999994,-1.43441875,3.6013060000434685
0.245,-1.4222125,3.5236811778500914
0.12250000000000005,-1.41000625,3.429458662427993
0.0,-1.3978,3.324869846203875
-0.1225,-1.363575,3.218449625956101
-0.245,-1.32935,3.1143988145584336
-0.3675,-1.295125,3.018470130543776
-0.49,-1.2609,2.93242013168679
-0.6125,-1.226675,2.855150902960701
-0.735,-1.19245,2.785563975460647
-0.8574999999999999,-1.158225,2.722596352817467
-0.98,-1.1239999999999999,2.6651877052301396
-1.1025,-1.10129375,2.6104631135924157
-1.225,-1.0785875,2.5589431900636237
-1.3475,-1.05588125,2.5094461471749443
-1.47,-1.033175,2.4607194046845526
-1.5925,-1.01046875,2.411421094134316
-1.7149999999999999,-0.9877625,2.3601008676184816
-1.8375,-0.96505625,2.305180010764357
-1.96,-0.94235,2.2449308599249824
1.96,-1.3455875,3.468529758434963
1.8375,-1.3472125,2.973297600401135
1.7149999999999999,-1.3488375000000001,2.7232713766534955
1.5925,-1.3504625,2.667291926170078
1.47,-1.3520875,2.7541971996957297
1.3475,-1.3537124999999999,2.932822330182929
1.225,-1.3553374999999999,3.1519997035569784
1.1025,-1.3569625,3.3605590522944517
0.98,-1.3585875,3.5172888728904224
0.8574999999999999,-1.3481390625,3.619267832103196
0.735,-1.337690625,3.673156456424561
0.6125,-1.3272421875,3.6852272415294776
0.49,-1.31679375,3.6617388338601975
0.36749999999999994,-1.3063453125,3.6089371167939466
0.245,-1.295896875,3.533056347480379
0.12250000000000005,-1.2854484375,3.440320344348827
0.0,-1.275,3.3369437252853236
-0.1225,-1.2439749999999998,3.231429500580739
-0.245,-1.21295,3.1280101545222228
-0.3675,-1.1819250000000001,3.0325065836143805
-0.49,-1.1509,2.9467747886638804
-0.6125,-1.119875,2.869801517158622
-0.735,-1.0888499999999999,2.8005293702727108
-0.8574999999999999,-1.057825,2.7378944532303318
-0.98,-1.0268,2.6807963376488466
-1.1025,-1.0056859375,2.6262856464291686
-1.225,-0.984571875,2.574780583083665
-1.3475,-0.9634578125,2.524993188451367
-1.47,-0.94234375,2.4755426521937127
-1.5925,-0.9212296875,2.4249381745240397
-1.7149999999999999,-0.900115625,2.371561268493778
-1.8375,-0.8790015625,2.313647502835292
-1.96,-0.8578875,2.2492676853613993
1.96,-1.204425,3.4537564058485017
1.8375,-1.2065875,2.9612187817338875
1.7149999999999999,-1.20875,2.7134637865382443
1.5925,-1.2109125,2.659431802924826
1.47,-1.213075,2.748056359257677
1.3475,-1.2152375,2.9282642295526657
1.225,-1.2174,3.148975534193013
1.1025,-1.2195624999999999,3.3591038638539934
0.98,-1.221725,3.517498291732818
0.8574999999999999,-1.2130343749999999,3.6215802914084185
0.735,-1.20434375,3.6774951626418333
0.6125,-1.195653125,3.6914768959219098
0.49,-1.1869625,3.6697531407746173
0.36749999999999994,-1.178271875,3.618546187310672
0.245,-1.16958125,3.544073976930537
0.12250000000000005,-1.160890625,3.4525511421867474
0.0,-1.1522000000000001,3.35019007580361
-0.1225,-1.124375,3.2455717333586245
-0.245,-1.0965500000000001,3.142850275445849
-0.3675,-1.068725,3.0479276737397343
-0.49,-1.0409,2.9627402299849406
-0.6125,-1.013075,2.886319252098503
-0.735,-0.98525,2.817610823779352
-0.8574999999999999,-0.957425,2.7555163384464585
-0.98,-0.9296,2.698865861315551
-1.1025,-0.910078125,2.6446626854649495
-1.225,-0.8905562499999999,2.593158236497976
-1.3475,-0.871034375,2.542933286526481
-1.47,-0.8515125000000001,2.492456104673732
-1.5925,-0.831990625,2.4400668266554018
-1.7149999999999999,-0.8124687500000001,2.3839613821742796
-1.8375,-0.792946875,2.3221749801286635
-1.96,-0.773425,2.2525651516345024
1.96,-1.0632625,3.4440860862202687
1.8375,-1.0659625,2.9553205591971126
1.7149999999999999,-1.0686624999999998,2.71054176983388
1.5925,-1.0713625,2.6588386308511023
1.47,-1.0740625,2.7492885514414676
1.3475,-1.0767625,2.930957554428365
1.225,-1.0794625,3.152900394912417
1.1025,-1.0821625,3.364160702800058
0.98,-1.0848624999999998,3.5236906996727573
0.8574999999999999,-1.0779296875,3.629334313586277
0.735,-1.070996875,3.6867023149666345
0.6125,-1.0640640625,3.7020133971151483
0.49,-1.0571312499999999,3.6814865529126695
0.36749999999999994,-1.0501984375000002,3.6313418458913493
0.245,-1.043265625,3.5578011961084948
0.12250000000000005,-1.0363328125,3.4670891808225317
0.0,-1.0293999999999999,3.3654338499710605
-0.1225,-1.004775,3.261580810249788
-0.245,-0.9801500000000001,3.1595288780830857
-0.3675,-0.955525,3.0652728830861014
-0.49,-0.9309,2.9808047859063893
-0.6125,-0.9062749999999999,2.9051531448130015
-0.735,-0.8816499999999999,2.837224313243192
-0.8574999999999999,-0.857025,2.7758469829429817
-0.98,-0.8323999999999999,2.719749380632014
-1.1025,-0.8144703124999999,2.6659293656773104
-1.225,-0.796540625,2.614387218131628
-1.3475,-0.7786109375,2.5635459952552
-1.47,-0.7606812500000001,2.511699414438216
-1.5925,-0.7427515625000001,2.456997842220915
-1.7149999999999999,-0.7248218750000001,2.3974339407361573
-1.8375,-0.7068921875,2.330827971574469
-1.96,-0.6889625,2.2548127570716
1.96,-0.9221,3.4414
1.8375,-0.9253375,2.9574792173684914
1.7149999999999999,-0.928575,2.716400908520029
1.5925,-0.9318125,2.667440393576143
1.47,-0.9350499999999999,2.759856642579286
1.3475,-0.9382874999999999,2.942892388364893
1.225,-0.941525,3.1657742419987698
1.1025,-0.9447625,3.377712833122835
0.98,-0.948,3.5378000000000003
0.8574999999999999,-0.9428249999999999,3.6443367150466903
0.735,-0.93765,3.7024416710462766
0.6125,-0.9324749999999999,3.7183489215678827
0.49,-0.9273,3.698297659211993
0.36749999999999994,-0.922125,3.648532726833677
0.245,-0.9169499999999999,3.5753051349221843
0.12250000000000005,-0.911775,3.4848725851369546
0.0,-0.9066,3.3834999999999993
-0.1225,-0.8851749999999999,3.280161217214255
-0.245,-0.86375,3.1786556631877088
-0.3675,-0.842325,3.085081693819744
-0.49,-0.8209,3.001456786684636
-0.6125,-0.7994749999999999,2.9267522323347688
-0.735,-0.7780499999999999,2.8597858159268497
-0.8574999999999999,-0.756625,2.7992713611970337
-0.98,-0.7352,2.7438000000000002
-1.1025,-0.7188625,2.6904208220437966
-1.225,-0.702525,2.6387785958096885
-1.3475,-0.6861875,2.5871108684924393
-1.47,-0.6698500000000001,2.5335122338007716
-1.5925,-0.6535125,2.4759220129130903
-1.7149999999999999,-0.637175,2.4121116762555874
-1.8375,-0.6208375,2.3396720061027025
-1.96,-0.6045,2.2560000000000002
